"lat","lon","alt","vel"
-15.818267,-48.060509,1209.500000,0.535000
-15.818259,-48.060514,1209.000000,0.989000
-15.818258,-48.060513,1208.700000,0.510000
-15.818256,-48.060516,1208.800000,0.679000
-15.818256,-48.060517,1209.000000,0.422000
-15.818255,-48.060520,1208.900000,0.329000
-15.818254,-48.060520,1209.200000,0.174000
-15.818252,-48.060518,1209.700000,0.093000
-15.818251,-48.060517,1210.500000,0.026000
-15.818249,-48.060517,1211.000000,0.066000
-15.818248,-48.060516,1211.300000,0.146000
-15.818248,-48.060517,1211.700000,0.278000
-15.818247,-48.060516,1212.200000,0.137000
-15.818246,-48.060514,1212.900000,0.157000
-15.818246,-48.060513,1213.200000,0.095000
-15.818244,-48.060511,1213.400000,0.335000
-15.818240,-48.060511,1213.400000,0.626000
-15.818236,-48.060510,1213.700000,0.630000
-15.818230,-48.060504,1214.400000,1.305000
-15.818226,-48.060505,1214.600000,0.895000
-15.818225,-48.060502,1214.700000,0.743000
-15.818225,-48.060501,1214.600000,0.470000
-15.818228,-48.060499,1214.600000,0.435000
-15.818228,-48.060496,1214.600000,0.602000
-15.818226,-48.060497,1214.500000,0.264000
-15.818225,-48.060499,1214.900000,0.091000
-15.818223,-48.060501,1215.400000,0.294000
-15.818225,-48.060498,1215.800000,0.210000
-15.818224,-48.060494,1216.200000,0.034000
-15.818224,-48.060492,1216.600000,0.095000
-15.818223,-48.060490,1216.600000,0.399000
-15.818218,-48.060487,1216.900000,0.651000
-15.818215,-48.060486,1217.000000,0.683000
-15.818220,-48.060485,1217.300000,0.315000
-15.818225,-48.060485,1217.600000,0.134000
-15.818229,-48.060484,1218.000000,0.219000
-15.818234,-48.060481,1218.400000,0.470000
-15.818233,-48.060481,1218.500000,0.404000
-15.818232,-48.060486,1217.600000,0.156000
-15.818231,-48.060492,1217.200000,0.234000
-15.818228,-48.060494,1217.300000,0.426000
-15.818227,-48.060492,1217.700000,0.169000
-15.818226,-48.060492,1217.800000,0.050000
-15.818225,-48.060493,1217.300000,0.054000
-15.818223,-48.060494,1217.100000,0.220000
-15.818219,-48.060495,1216.600000,0.724000
-15.818214,-48.060497,1216.600000,0.991000
-15.818213,-48.060498,1216.700000,0.700000
-15.818210,-48.060500,1216.500000,0.910000
-15.818210,-48.060501,1216.700000,0.661000
-15.818215,-48.060510,1216.800000,1.573000
-15.818219,-48.060513,1216.900000,1.192000
-15.818220,-48.060511,1216.800000,0.371000
-15.818218,-48.060511,1215.500000,0.396000
-15.818219,-48.060510,1215.500000,0.270000
-15.818216,-48.060508,1215.200000,0.614000
-15.818208,-48.060505,1215.000000,1.281000
-15.818200,-48.060500,1214.900000,1.685000
-15.818191,-48.060499,1214.800000,1.930000
-15.818216,-48.060545,1215.000000,4.147000
-15.818207,-48.060536,1214.800000,1.764000
0.000000,0.000000,0.000000,0.000000
0.000000,0.000000,0.000000,0.000000
-15.818216,-48.060576,1213.600000,0.676000
-15.818214,-48.060566,1214.300000,0.063000
-15.818209,-48.060557,1213.300000,0.193000
-15.818205,-48.060547,1212.800000,0.131000
-15.818206,-48.060536,1212.400000,0.140000
-15.818212,-48.060531,1211.200000,0.449000
-15.818214,-48.060530,1211.000000,0.518000
-15.818216,-48.060529,1210.900000,0.787000
-15.818221,-48.060525,1211.200000,0.363000
-15.818232,-48.060518,1211.500000,1.381000
-15.818238,-48.060507,1211.600000,1.689000
-15.818238,-48.060505,1211.800000,0.662000
-15.818238,-48.060503,1212.200000,0.273000
-15.818238,-48.060502,1212.200000,0.210000
-15.818241,-48.060500,1212.300000,0.205000
-15.818242,-48.060498,1212.500000,0.522000
-15.818245,-48.060496,1212.200000,0.452000
-15.818244,-48.060495,1212.300000,0.518000
-15.818243,-48.060491,1212.200000,0.874000
-15.818265,-48.060488,1212.300000,2.227000
-15.818265,-48.060482,1212.700000,1.629000
-15.818282,-48.060477,1213.200000,2.423000
-15.818285,-48.060475,1213.300000,1.780000
-15.818298,-48.060475,1213.500000,2.198000
-15.818297,-48.060463,1214.000000,1.852000
-15.818297,-48.060470,1213.800000,0.957000
-15.818303,-48.060468,1213.800000,1.145000
-15.818308,-48.060453,1214.100000,2.031000
-15.818306,-48.060449,1214.100000,1.594000
0.000000,0.000000,0.000000,0.000000
-15.818313,-48.060447,1214.400000,1.053000
0.000000,0.000000,0.000000,0.000000
-15.818312,-48.060442,1214.300000,1.070000
-15.818297,-48.060448,1214.200000,0.550000
-15.818290,-48.060459,1214.200000,0.336000
0.000000,0.000000,0.000000,0.000000
0.000000,0.000000,0.000000,0.000000
0.000000,0.000000,0.000000,0.000000
0.000000,0.000000,0.000000,0.000000
-15.818268,-48.060457,1214.200000,0.875000
-15.818290,-48.060483,1214.200000,0.800000
0.000000,0.000000,0.000000,0.000000
0.000000,0.000000,0.000000,0.000000
0.000000,0.000000,0.000000,0.000000
0.000000,0.000000,0.000000,0.000000
0.000000,0.000000,0.000000,0.000000
0.000000,0.000000,0.000000,0.000000
0.000000,0.000000,0.000000,0.000000
0.000000,0.000000,0.000000,0.000000
0.000000,0.000000,0.000000,0.000000
0.000000,0.000000,0.000000,0.000000
0.000000,0.000000,0.000000,0.000000
0.000000,0.000000,0.000000,0.000000
0.000000,0.000000,0.000000,0.000000
0.000000,0.000000,0.000000,0.000000
0.000000,0.000000,0.000000,0.000000
0.000000,0.000000,0.000000,0.000000
0.000000,0.000000,0.000000,0.000000
0.000000,0.000000,0.000000,0.000000
0.000000,0.000000,0.000000,0.000000
0.000000,0.000000,0.000000,0.000000
0.000000,0.000000,0.000000,0.000000
0.000000,0.000000,0.000000,0.000000
0.000000,0.000000,0.000000,0.000000
0.000000,0.000000,0.000000,0.000000
0.000000,0.000000,0.000000,0.000000
0.000000,0.000000,0.000000,0.000000
0.000000,0.000000,0.000000,0.000000
0.000000,0.000000,0.000000,0.000000
0.000000,0.000000,0.000000,0.000000
0.000000,0.000000,0.000000,0.000000
0.000000,0.000000,0.000000,0.000000
0.000000,0.000000,0.000000,0.000000
0.000000,0.000000,0.000000,0.000000
0.000000,0.000000,0.000000,0.000000
0.000000,0.000000,0.000000,0.000000
0.000000,0.000000,0.000000,0.000000
0.000000,0.000000,0.000000,0.000000
0.000000,0.000000,0.000000,0.000000
0.000000,0.000000,0.000000,0.000000
0.000000,0.000000,0.000000,0.000000
0.000000,0.000000,0.000000,0.000000
0.000000,0.000000,0.000000,0.000000
0.000000,0.000000,0.000000,0.000000
0.000000,0.000000,0.000000,0.000000
0.000000,0.000000,0.000000,0.000000
-15.818391,-48.061170,1214.200000,5.921000
-15.818362,-48.060830,1227.700000,0.377000
-15.818321,-48.060727,1220.800000,1.196000
-15.818294,-48.060688,1210.700000,0.423000
-15.818286,-48.060679,1211.200000,0.248000
-15.818280,-48.060667,1211.400000,0.164000
-15.818276,-48.060660,1211.100000,0.102000
-15.818271,-48.060655,1210.000000,0.089000
-15.818268,-48.060650,1209.100000,0.143000
-15.818269,-48.060650,1208.600000,0.318000
-15.818267,-48.060653,1209.000000,0.533000
-15.818268,-48.060657,1209.800000,0.232000
-15.818268,-48.060660,1210.100000,0.358000
-15.818267,-48.060662,1210.600000,0.285000
-15.818265,-48.060663,1211.000000,0.089000
-15.818265,-48.060662,1211.200000,0.491000
-15.818268,-48.060661,1211.300000,0.376000
-15.818265,-48.060656,1211.200000,0.837000
-15.818262,-48.060653,1211.000000,0.873000
-15.818258,-48.060651,1210.700000,0.944000
-15.818258,-48.060652,1211.200000,0.449000
-15.818258,-48.060652,1211.300000,0.289000
-15.818256,-48.060651,1211.200000,0.183000
-15.818256,-48.060650,1211.100000,0.068000
-15.818255,-48.060651,1211.400000,0.227000
-15.818254,-48.060649,1211.500000,0.020000
-15.818253,-48.060649,1211.600000,0.045000
-15.818259,-48.060656,1212.900000,0.270000
-15.818258,-48.060654,1213.300000,0.184000
-15.818254,-48.060656,1213.600000,0.453000
-15.818249,-48.060657,1213.600000,0.884000
-15.818250,-48.060660,1213.100000,0.300000
-15.818258,-48.060662,1213.300000,0.761000
-15.818265,-48.060662,1213.900000,1.286000
-15.818273,-48.060662,1214.300000,1.456000
-15.818282,-48.060664,1214.400000,1.383000
-15.818285,-48.060665,1214.400000,0.803000
-15.818287,-48.060665,1215.100000,0.212000
-15.818288,-48.060662,1214.800000,0.281000
-15.818288,-48.060662,1215.600000,0.432000
-15.818287,-48.060663,1215.700000,0.041000
-15.818286,-48.060667,1216.000000,0.877000
-15.818285,-48.060667,1215.400000,0.554000
-15.818284,-48.060669,1215.300000,0.521000
-15.818284,-48.060669,1215.300000,0.257000
-15.818284,-48.060667,1215.200000,0.134000
-15.818283,-48.060665,1215.000000,0.060000
-15.818282,-48.060664,1214.800000,0.103000
-15.818281,-48.060663,1214.800000,0.233000
-15.818284,-48.060665,1214.700000,0.352000
-15.818295,-48.060668,1214.200000,1.471000
-15.818305,-48.060673,1214.200000,1.940000
-15.818301,-48.060672,1214.000000,0.872000
-15.818298,-48.060672,1214.100000,0.379000
-15.818293,-48.060670,1213.800000,0.064000
-15.818290,-48.060669,1214.100000,0.042000
-15.818287,-48.060668,1213.900000,0.084000
-15.818287,-48.060667,1213.700000,0.082000
-15.818285,-48.060667,1213.500000,0.241000
-15.818287,-48.060668,1213.300000,0.068000
-15.818287,-48.060669,1213.000000,0.134000
-15.818289,-48.060671,1212.900000,0.020000
-15.818289,-48.060672,1212.800000,0.016000
-15.818289,-48.060673,1212.700000,0.012000
-15.818288,-48.060674,1212.900000,0.036000
-15.818288,-48.060675,1212.800000,0.016000
-15.818288,-48.060676,1212.700000,0.009000
-15.818288,-48.060677,1212.700000,0.029000
-15.818288,-48.060678,1212.700000,0.022000
-15.818288,-48.060678,1212.700000,0.071000
-15.818288,-48.060680,1212.700000,0.062000
-15.818288,-48.060680,1213.000000,0.053000
-15.818288,-48.060681,1213.100000,0.040000
-15.818288,-48.060682,1213.200000,0.056000
-15.818288,-48.060682,1213.300000,0.040000
-15.818287,-48.060682,1213.600000,0.085000
-15.818292,-48.060680,1213.600000,1.170000
-15.818295,-48.060678,1213.500000,1.078000
-15.818297,-48.060675,1213.700000,0.846000
-15.818301,-48.060672,1213.800000,0.929000
-15.818301,-48.060670,1213.800000,0.691000
-15.818303,-48.060669,1213.900000,0.408000
-15.818305,-48.060668,1213.800000,0.329000
-15.818302,-48.060666,1213.600000,0.056000
-15.818300,-48.060666,1213.500000,0.140000
-15.818287,-48.060660,1213.300000,1.806000
-15.818246,-48.060649,1213.300000,5.668000
-15.818238,-48.060638,1213.300000,4.103000
-15.818237,-48.060641,1213.300000,2.476000
-15.818238,-48.060642,1213.300000,1.376000
-15.818245,-48.060647,1213.400000,0.359000
-15.818248,-48.060651,1213.300000,0.101000
-15.818250,-48.060654,1213.200000,0.060000
-15.818251,-48.060654,1212.900000,0.244000
-15.818253,-48.060655,1212.700000,0.172000
-15.818255,-48.060656,1212.500000,0.227000
-15.818257,-48.060657,1212.500000,0.092000
-15.818258,-48.060659,1212.500000,0.074000
-15.818259,-48.060660,1212.700000,0.231000
-15.818261,-48.060661,1212.500000,0.105000
-15.818264,-48.060663,1212.400000,0.187000
-15.818266,-48.060664,1212.200000,0.113000
-15.818270,-48.060665,1211.800000,0.241000
-15.818275,-48.060667,1211.600000,0.348000
-15.818278,-48.060669,1211.600000,0.173000
-15.818280,-48.060669,1211.400000,0.076000
-15.818281,-48.060670,1211.100000,0.094000
-15.818283,-48.060671,1210.900000,0.053000
-15.818283,-48.060671,1211.300000,0.043000
-15.818283,-48.060671,1211.100000,0.077000
-15.818283,-48.060671,1210.900000,0.171000
-15.818281,-48.060670,1210.900000,0.168000
-15.818279,-48.060668,1210.700000,0.333000
-15.818278,-48.060667,1210.600000,0.251000
-15.818277,-48.060666,1210.600000,0.208000
-15.818275,-48.060666,1210.600000,0.203000
-15.818273,-48.060665,1210.600000,0.107000
-15.818270,-48.060664,1210.600000,0.334000
-15.818269,-48.060662,1210.700000,0.410000
-15.818270,-48.060662,1210.900000,0.292000
-15.818269,-48.060662,1211.100000,0.106000
-15.818268,-48.060661,1211.100000,0.099000
-15.818267,-48.060660,1211.200000,0.122000
-15.818268,-48.060660,1211.200000,0.130000
-15.818268,-48.060660,1211.200000,0.052000
-15.818268,-48.060660,1211.200000,0.127000
-15.818268,-48.060660,1211.400000,0.121000
-15.818268,-48.060659,1211.600000,0.126000
-15.818267,-48.060659,1211.800000,0.046000
-15.818268,-48.060660,1212.100000,0.231000
-15.818268,-48.060661,1212.400000,0.194000
-15.818267,-48.060660,1212.600000,0.058000
-15.818265,-48.060660,1213.100000,0.133000
-15.818266,-48.060660,1213.600000,0.158000
-15.818266,-48.060661,1213.700000,0.090000
-15.818267,-48.060660,1214.000000,0.347000
-15.818269,-48.060660,1214.300000,0.442000
-15.818268,-48.060659,1214.300000,0.197000
-15.818271,-48.060659,1214.300000,0.158000
-15.818268,-48.060658,1214.500000,0.194000
-15.818266,-48.060659,1214.700000,0.425000
-15.818264,-48.060654,1215.100000,0.833000
-15.818264,-48.060658,1215.400000,0.414000
-15.818262,-48.060660,1215.300000,0.601000
-15.818254,-48.060658,1215.300000,1.481000
-15.818250,-48.060657,1215.000000,1.132000
-15.818247,-48.060658,1215.000000,0.919000
-15.818245,-48.060660,1215.100000,0.694000
-15.818243,-48.060665,1215.200000,0.659000
-15.818242,-48.060669,1215.400000,0.286000
-15.818235,-48.060682,1214.800000,0.182000
-15.818233,-48.060684,1214.900000,0.326000
-15.818235,-48.060687,1214.600000,0.689000
-15.818239,-48.060687,1214.800000,0.495000
-15.818240,-48.060686,1213.900000,0.223000
-15.818240,-48.060687,1213.900000,0.220000
-15.818237,-48.060690,1213.700000,0.858000
-15.818233,-48.060693,1213.000000,1.259000
-15.818231,-48.060697,1213.200000,0.906000
-15.818236,-48.060712,1212.600000,1.639000
-15.818238,-48.060716,1211.700000,0.763000
-15.818244,-48.060721,1210.700000,0.586000
-15.818246,-48.060730,1212.000000,0.522000
-15.818247,-48.060731,1213.900000,0.114000
-15.818253,-48.060733,1213.800000,0.333000
-15.818251,-48.060734,1215.000000,0.094000
-15.818249,-48.060734,1214.900000,0.024000
-15.818252,-48.060735,1214.700000,0.062000
-15.818254,-48.060736,1214.500000,0.034000
-15.818254,-48.060739,1214.600000,0.044000
-15.818254,-48.060743,1214.800000,0.076000
-15.818254,-48.060747,1215.000000,0.033000
-15.818253,-48.060752,1214.400000,0.029000
-15.818253,-48.060755,1214.100000,0.041000
-15.818253,-48.060757,1214.200000,0.008000
-15.818253,-48.060757,1214.100000,0.117000
-15.818254,-48.060759,1213.900000,0.722000
-15.818259,-48.060765,1213.400000,1.897000
-15.818273,-48.060770,1213.200000,4.035000
-15.818295,-48.060770,1212.900000,5.458000
-15.818323,-48.060758,1212.000000,6.898000
-15.818360,-48.060747,1211.700000,7.879000
-15.818399,-48.060733,1211.300000,8.558000
-15.818439,-48.060718,1210.700000,9.130000
-15.818488,-48.060702,1210.500000,10.764000
-15.818539,-48.060685,1210.400000,11.065000
-15.818592,-48.060667,1209.600000,11.521000
-15.818647,-48.060647,1209.300000,12.544000
-15.818703,-48.060626,1208.100000,12.309000
-15.818761,-48.060601,1207.700000,12.993000
-15.818821,-48.060583,1207.400000,13.385000
-15.818881,-48.060569,1207.100000,13.099000
-15.818943,-48.060553,1207.200000,13.350000
-15.819002,-48.060533,1207.400000,12.748000
-15.819050,-48.060515,1207.500000,10.018000
-15.819083,-48.060500,1207.500000,6.716000
-15.819104,-48.060487,1207.400000,4.572000
-15.819123,-48.060475,1207.800000,4.633000
-15.819145,-48.060467,1208.300000,4.516000
-15.819172,-48.060461,1208.200000,6.023000
-15.819203,-48.060451,1208.400000,6.988000
-15.819237,-48.060444,1208.000000,7.204000
-15.819262,-48.060445,1208.000000,4.280000
-15.819276,-48.060443,1208.100000,2.688000
-15.819283,-48.060446,1208.400000,0.526000
-15.819284,-48.060447,1209.000000,0.274000
-15.819285,-48.060447,1209.800000,0.053000
-15.819287,-48.060447,1210.300000,0.033000
-15.819289,-48.060447,1210.600000,0.659000
-15.819306,-48.060442,1210.600000,4.290000
-15.819338,-48.060430,1210.400000,7.543000
-15.819375,-48.060416,1210.300000,8.237000
-15.819418,-48.060400,1210.400000,10.134000
-15.819467,-48.060384,1210.600000,11.053000
-15.819513,-48.060366,1210.400000,9.870000
-15.819546,-48.060351,1210.700000,6.888000
-15.819571,-48.060342,1210.800000,5.109000
-15.819592,-48.060335,1211.000000,4.396000
-15.819615,-48.060328,1211.200000,4.906000
-15.819644,-48.060318,1211.100000,7.770000
-15.819685,-48.060301,1211.300000,9.886000
-15.819734,-48.060280,1211.600000,12.224000
-15.819793,-48.060256,1211.900000,14.109000
-15.819855,-48.060232,1212.000000,14.340000
-15.819921,-48.060210,1211.400000,14.895000
-15.819988,-48.060187,1211.200000,15.182000
-15.820056,-48.060162,1211.000000,15.279000
-15.820124,-48.060137,1210.800000,15.334000
-15.820192,-48.060114,1210.400000,15.246000
-15.820262,-48.060090,1210.300000,15.738000
-15.820333,-48.060064,1210.300000,16.039000
-15.820408,-48.060038,1210.100000,17.218000
-15.820483,-48.060013,1209.900000,16.756000
-15.820552,-48.059988,1209.300000,15.098000
-15.820612,-48.059967,1209.600000,12.489000
-15.820657,-48.059951,1209.300000,9.551000
-15.820694,-48.059943,1208.400000,7.007000
-15.820722,-48.059934,1208.500000,5.309000
-15.820743,-48.059928,1208.200000,4.775000
-15.820768,-48.059920,1207.700000,5.871000
-15.820807,-48.059907,1207.900000,9.139000
-15.820856,-48.059890,1208.100000,11.618000
-15.820914,-48.059871,1207.800000,12.761000
-15.820974,-48.059850,1207.800000,13.730000
-15.821036,-48.059827,1207.200000,14.217000
-15.821098,-48.059807,1207.400000,14.360000
-15.821162,-48.059784,1207.200000,14.762000
-15.821223,-48.059765,1206.400000,12.853000
-15.821271,-48.059747,1206.700000,10.080000
-15.821307,-48.059732,1206.700000,7.647000
-15.821334,-48.059719,1206.700000,5.334000
-15.821357,-48.059704,1207.200000,5.957000
-15.821392,-48.059691,1206.900000,8.242000
-15.821439,-48.059678,1207.000000,11.198000
-15.821500,-48.059660,1206.700000,13.950000
-15.821566,-48.059641,1206.600000,14.623000
-15.821636,-48.059618,1206.500000,15.966000
-15.821710,-48.059591,1206.500000,17.056000
-15.821781,-48.059565,1205.800000,15.917000
-15.821853,-48.059541,1205.400000,16.392000
-15.821927,-48.059516,1205.100000,16.603000
-15.821998,-48.059488,1204.700000,16.218000
-15.822071,-48.059462,1204.500000,16.269000
-15.822143,-48.059441,1203.600000,15.584000
-15.822205,-48.059420,1203.100000,13.268000
-15.822253,-48.059402,1202.900000,10.286000
-15.822287,-48.059391,1202.900000,6.941000
-15.822314,-48.059381,1203.100000,5.448000
-15.822340,-48.059375,1202.300000,5.217000
-15.822371,-48.059365,1202.100000,7.140000
-15.822418,-48.059349,1202.200000,10.901000
-15.822473,-48.059331,1202.100000,11.732000
-15.822523,-48.059311,1202.100000,10.860000
-15.822563,-48.059296,1202.000000,8.116000
-15.822588,-48.059287,1201.900000,4.637000
-15.822602,-48.059284,1202.000000,2.642000
-15.822619,-48.059284,1202.200000,3.532000
-15.822635,-48.059288,1202.400000,3.250000
-15.822653,-48.059300,1202.400000,4.238000
-15.822671,-48.059332,1202.300000,7.740000
-15.822685,-48.059373,1201.900000,8.838000
-15.822702,-48.059422,1201.400000,10.864000
-15.822726,-48.059478,1200.900000,12.417000
-15.822750,-48.059547,1200.900000,15.389000
-15.822776,-48.059621,1200.000000,15.658000
-15.822800,-48.059689,1200.000000,14.740000
-15.822826,-48.059756,1200.200000,14.122000
-15.822849,-48.059817,1200.200000,12.879000
-15.822864,-48.059863,1199.600000,8.515000
-15.822868,-48.059900,1198.900000,7.234000
-15.822855,-48.059931,1197.400000,6.664000
-15.822823,-48.059952,1197.000000,8.142000
-15.822781,-48.059974,1196.700000,10.527000
-15.822734,-48.059991,1197.700000,10.103000
-15.822688,-48.060004,1197.700000,9.401000
-15.822652,-48.060021,1198.100000,8.182000
-15.822618,-48.060039,1198.100000,8.059000
-15.822576,-48.060057,1198.200000,10.110000
-15.822525,-48.060078,1198.600000,11.609000
-15.822471,-48.060100,1198.900000,12.362000
-15.822412,-48.060121,1199.200000,13.396000
-15.822357,-48.060144,1199.600000,12.484000
-15.822297,-48.060166,1199.500000,13.802000
-15.822238,-48.060188,1199.500000,13.120000
-15.822183,-48.060207,1199.400000,12.232000
-15.822132,-48.060225,1199.500000,11.587000
-15.822084,-48.060243,1199.500000,10.327000
-15.822049,-48.060256,1199.600000,7.375000
-15.822023,-48.060261,1200.200000,5.043000
-15.821998,-48.060269,1200.700000,5.545000
-15.821963,-48.060285,1200.800000,8.491000
-15.821921,-48.060301,1201.100000,9.825000
-15.821872,-48.060317,1200.900000,11.522000
-15.821822,-48.060333,1200.700000,11.173000
-15.821769,-48.060347,1201.200000,12.545000
-15.821711,-48.060364,1201.000000,13.067000
-15.821646,-48.060388,1201.000000,14.523000
-15.821579,-48.060415,1200.900000,15.433000
-15.821513,-48.060441,1201.300000,14.907000
-15.821450,-48.060466,1201.000000,14.144000
-15.821391,-48.060486,1201.100000,13.245000
-15.821335,-48.060503,1201.600000,12.373000
-15.821280,-48.060519,1202.600000,11.734000
-15.821227,-48.060537,1201.900000,11.829000
-15.821175,-48.060553,1202.000000,10.951000
-15.821128,-48.060570,1201.800000,10.377000
-15.821078,-48.060587,1201.600000,11.054000
-15.821028,-48.060604,1201.300000,10.893000
-15.820978,-48.060620,1201.500000,10.819000
-15.820926,-48.060637,1201.300000,11.702000
-15.820870,-48.060656,1201.200000,13.010000
-15.820813,-48.060678,1200.800000,13.075000
-15.820754,-48.060695,1201.000000,13.137000
-15.820691,-48.060710,1201.300000,14.567000
-15.820621,-48.060728,1201.500000,15.706000
-15.820555,-48.060747,1201.500000,14.489000
-15.820492,-48.060769,1201.400000,14.428000
-15.820432,-48.060792,1202.000000,13.331000
-15.820376,-48.060814,1201.700000,12.628000
-15.820324,-48.060836,1201.900000,11.919000
-15.820275,-48.060857,1201.600000,11.051000
-15.820227,-48.060872,1201.900000,10.883000
-15.820178,-48.060886,1201.500000,11.288000
-15.820123,-48.060898,1201.400000,12.509000
-15.820062,-48.060914,1201.100000,13.948000
-15.820002,-48.060934,1201.100000,13.270000
-15.819952,-48.060952,1201.300000,10.479000
-15.819918,-48.060966,1201.300000,6.855000
-15.819892,-48.060981,1201.600000,6.074000
-15.819860,-48.060996,1202.100000,8.001000
-15.819825,-48.061013,1202.900000,8.456000
-15.819787,-48.061027,1202.900000,8.398000
-15.819753,-48.061037,1202.800000,7.696000
-15.819720,-48.061048,1203.000000,7.373000
-15.819690,-48.061055,1203.200000,6.237000
-15.819664,-48.061058,1203.300000,5.306000
-15.819657,-48.061057,1204.400000,1.630000
-15.819652,-48.061056,1205.300000,0.693000
-15.819652,-48.061057,1206.400000,0.185000
-15.819654,-48.061056,1207.100000,0.151000
-15.819654,-48.061060,1206.500000,0.185000
-15.819654,-48.061061,1206.500000,0.151000
-15.819653,-48.061062,1206.500000,0.098000
-15.819649,-48.061064,1206.400000,0.940000
-15.819647,-48.061065,1206.500000,0.066000
-15.819642,-48.061064,1206.200000,1.028000
-15.819621,-48.061060,1207.200000,4.349000
-15.819594,-48.061043,1208.000000,6.912000
-15.819575,-48.061010,1208.200000,8.483000
-15.819554,-48.060959,1208.800000,12.028000
-15.819530,-48.060890,1209.300000,15.676000
-15.819508,-48.060808,1209.400000,18.413000
-15.819479,-48.060717,1209.400000,19.716000
-15.819450,-48.060628,1209.500000,19.241000
-15.819425,-48.060550,1210.000000,16.204000
-15.819403,-48.060491,1212.200000,11.745000
-15.819377,-48.060449,1211.700000,9.981000
-15.819335,-48.060424,1212.100000,10.493000
-15.819285,-48.060424,1211.900000,11.160000
-15.819238,-48.060435,1211.600000,10.186000
-15.819201,-48.060448,1211.200000,8.273000
-15.819173,-48.060458,1211.300000,5.265000
-15.819153,-48.060467,1211.000000,4.464000
-15.819129,-48.060476,1210.800000,5.908000
-15.819092,-48.060488,1210.000000,9.232000
-15.819043,-48.060504,1210.000000,11.671000
-15.818986,-48.060523,1209.500000,13.622000
-15.818923,-48.060545,1210.000000,14.410000
-15.818859,-48.060568,1210.000000,14.343000
-15.818790,-48.060589,1209.900000,15.653000
-15.818720,-48.060608,1209.600000,15.861000
-15.818654,-48.060627,1210.000000,14.293000
-15.818591,-48.060647,1209.900000,13.606000
-15.818533,-48.060667,1210.000000,12.881000
-15.818479,-48.060688,1210.000000,12.360000
-15.818430,-48.060709,1210.200000,11.026000
-15.818384,-48.060726,1210.500000,10.162000
-15.818342,-48.060738,1211.100000,9.218000
-15.818308,-48.060750,1209.800000,7.698000
-15.818284,-48.060759,1209.200000,4.865000
-15.818275,-48.060756,1209.000000,1.615000
-15.818276,-48.060752,1209.300000,0.261000
-15.818273,-48.060746,1209.600000,0.477000
-15.818266,-48.060726,1211.200000,1.003000
-15.818263,-48.060723,1211.300000,0.633000
-15.818263,-48.060722,1211.200000,0.424000
-15.818263,-48.060719,1211.900000,0.829000
-15.818261,-48.060712,1212.300000,1.343000
-15.818264,-48.060705,1211.500000,1.220000
-15.818264,-48.060701,1212.000000,0.818000
-15.818267,-48.060696,1212.300000,1.661000
-15.818273,-48.060693,1212.600000,1.645000
-15.818275,-48.060691,1213.000000,0.420000
-15.818274,-48.060691,1213.500000,0.348000
-15.818280,-48.060700,1213.800000,2.509000
-15.818281,-48.060699,1213.000000,1.196000
-15.818282,-48.060698,1213.300000,0.494000
-15.818283,-48.060698,1213.200000,0.224000
-15.818277,-48.060692,1213.400000,0.976000
-15.818275,-48.060689,1213.300000,0.339000
-15.818274,-48.060688,1213.200000,0.082000
-15.818273,-48.060688,1213.400000,0.438000
-15.818274,-48.060689,1213.700000,0.049000
-15.818275,-48.060690,1214.000000,0.140000
-15.818276,-48.060694,1214.200000,0.546000
-15.818277,-48.060695,1214.300000,0.084000
-15.818274,-48.060686,1213.900000,2.356000
-15.818274,-48.060683,1213.700000,1.515000
-15.818278,-48.060684,1214.300000,0.547000
-15.818278,-48.060683,1214.100000,0.794000
-15.818280,-48.060682,1214.500000,0.532000
-15.818281,-48.060682,1215.300000,0.046000
-15.818281,-48.060683,1216.000000,0.089000
-15.818284,-48.060685,1217.100000,0.329000
-15.818286,-48.060688,1217.700000,0.065000
-15.818283,-48.060680,1217.900000,1.659000
-15.818284,-48.060679,1218.600000,0.258000
-15.818285,-48.060679,1218.400000,0.151000
-15.818281,-48.060673,1217.400000,1.232000
-15.818280,-48.060670,1217.600000,1.052000
-15.818283,-48.060673,1220.900000,1.475000
-15.818280,-48.060667,1221.100000,2.085000
-15.818269,-48.060652,1220.000000,5.126000
-15.818264,-48.060646,1219.600000,2.481000
-15.818259,-48.060641,1219.000000,1.947000
-15.818260,-48.060641,1219.000000,1.264000
-15.818260,-48.060642,1219.100000,0.431000
-15.818254,-48.060642,1221.700000,0.871000
-15.818251,-48.060648,1224.000000,1.569000
-15.818254,-48.060642,1221.800000,2.219000
-15.818250,-48.060638,1221.800000,2.437000
-15.818251,-48.060642,1222.300000,0.964000
-15.818259,-48.060643,1219.500000,1.775000
-15.818251,-48.060650,1218.200000,0.657000
-15.818247,-48.060654,1216.200000,0.340000
-15.818247,-48.060655,1215.000000,0.450000
-15.818246,-48.060649,1213.500000,1.027000
-15.818247,-48.060647,1212.700000,0.364000
-15.818253,-48.060646,1211.600000,0.936000
-15.818248,-48.060643,1210.800000,0.783000
-15.818252,-48.060642,1209.400000,0.428000
-15.818252,-48.060642,1208.600000,0.864000
-15.818247,-48.060643,1207.700000,1.437000
-15.818249,-48.060642,1207.300000,0.292000
-15.818251,-48.060642,1206.700000,0.404000
-15.818250,-48.060643,1206.700000,0.322000
-15.818250,-48.060644,1206.100000,0.050000
-15.818253,-48.060644,1206.200000,0.227000
-15.818255,-48.060644,1206.500000,0.203000
-15.818257,-48.060642,1206.600000,0.614000
-15.818261,-48.060641,1207.100000,1.159000
-15.818258,-48.060632,1206.400000,1.534000
-15.818258,-48.060626,1205.600000,1.096000
-15.818247,-48.060617,1203.800000,2.057000
-15.818252,-48.060612,1203.300000,1.263000
-15.818256,-48.060610,1203.000000,0.599000
-15.818252,-48.060605,1203.200000,0.958000
-15.818252,-48.060599,1203.300000,0.985000
-15.818245,-48.060588,1203.000000,1.559000
-15.818239,-48.060587,1204.300000,1.799000
-15.818234,-48.060584,1205.400000,1.625000
-15.818236,-48.060581,1204.700000,0.744000
-15.818234,-48.060574,1205.900000,1.592000
-15.818242,-48.060576,1207.300000,0.684000
-15.818245,-48.060579,1207.700000,0.559000
-15.818247,-48.060574,1207.700000,0.823000
-15.818247,-48.060572,1207.800000,0.068000
-15.818245,-48.060567,1208.300000,0.849000
-15.818241,-48.060560,1208.900000,1.026000
-15.818241,-48.060550,1208.000000,0.043000
-15.818233,-48.060537,1208.600000,0.231000
-15.818231,-48.060527,1209.800000,0.412000
-15.818231,-48.060525,1209.700000,0.443000
-15.818230,-48.060522,1210.200000,0.493000
-15.818229,-48.060523,1211.200000,0.880000
-15.818231,-48.060521,1212.200000,0.527000
-15.818225,-48.060522,1215.900000,0.462000
-15.818230,-48.060521,1216.600000,0.139000
-15.818230,-48.060519,1217.000000,0.045000
-15.818227,-48.060518,1218.200000,0.474000
-15.818227,-48.060518,1218.600000,0.449000
-15.818231,-48.060517,1218.400000,0.304000
-15.818236,-48.060516,1218.500000,0.261000
-15.818237,-48.060514,1218.000000,0.160000
-15.818240,-48.060514,1217.800000,0.585000
-15.818242,-48.060514,1217.700000,0.400000
-15.818245,-48.060514,1218.000000,0.721000
-15.818251,-48.060513,1218.800000,1.371000
-15.818255,-48.060514,1218.900000,0.621000
-15.818261,-48.060517,1219.700000,1.504000
-15.818268,-48.060518,1220.300000,1.783000
-15.818276,-48.060517,1221.000000,1.639000
-15.818280,-48.060515,1221.900000,0.860000
-15.818285,-48.060513,1223.000000,1.029000
-15.818288,-48.060513,1223.400000,0.512000
-15.818289,-48.060513,1223.700000,0.194000
-15.818294,-48.060509,1225.200000,1.132000
-15.818297,-48.060508,1226.100000,0.463000
-15.818296,-48.060508,1227.500000,0.193000
-15.818303,-48.060506,1228.400000,1.009000
-15.818310,-48.060503,1228.100000,1.329000
-15.818308,-48.060505,1228.300000,0.613000
-15.818315,-48.060506,1229.500000,1.416000
-15.818312,-48.060509,1228.200000,0.342000
-15.818310,-48.060511,1228.000000,0.540000
-15.818312,-48.060511,1228.500000,0.311000
-15.818314,-48.060516,1227.500000,0.395000
-15.818312,-48.060518,1227.000000,0.266000
-15.818311,-48.060513,1227.300000,0.534000
-15.818307,-48.060511,1227.400000,0.455000
-15.818304,-48.060508,1228.000000,0.616000
-15.818306,-48.060507,1228.000000,0.965000
-15.818301,-48.060502,1228.400000,0.776000
-15.818311,-48.060494,1230.300000,3.020000
-15.818319,-48.060490,1231.700000,2.160000
-15.818322,-48.060483,1230.100000,2.473000
-15.818320,-48.060484,1229.400000,0.952000
-15.818318,-48.060490,1229.100000,0.247000
-15.818315,-48.060496,1229.000000,0.353000
-15.818312,-48.060500,1229.200000,0.060000
-15.818312,-48.060504,1231.200000,0.630000
-15.818305,-48.060500,1232.100000,0.941000
-15.818303,-48.060496,1232.500000,0.856000
-15.818305,-48.060498,1233.000000,0.824000
-15.818312,-48.060495,1232.600000,2.300000
-15.818324,-48.060495,1233.200000,2.548000
-15.818323,-48.060495,1232.600000,0.477000
-15.818323,-48.060494,1230.800000,0.318000
-15.818336,-48.060499,1230.800000,3.099000
-15.818325,-48.060504,1231.100000,0.909000
-15.818322,-48.060512,1231.500000,1.244000
-15.818320,-48.060516,1231.600000,1.396000
-15.818320,-48.060516,1231.700000,0.912000
-15.818315,-48.060515,1231.200000,0.203000
-15.818312,-48.060514,1230.700000,0.804000
-15.818308,-48.060513,1231.000000,0.512000
-15.818306,-48.060509,1231.500000,0.372000
-15.818301,-48.060506,1231.100000,0.242000
-15.818300,-48.060504,1229.900000,0.295000
-15.818300,-48.060503,1228.000000,0.624000
-15.818300,-48.060502,1226.400000,0.365000
-15.818298,-48.060500,1224.700000,0.050000
-15.818294,-48.060499,1223.800000,0.055000
-15.818296,-48.060499,1223.600000,0.673000
-15.818294,-48.060499,1223.000000,0.674000
-15.818290,-48.060498,1222.700000,0.270000
-15.818291,-48.060500,1224.000000,0.795000
-15.818294,-48.060505,1225.700000,1.479000
-15.818294,-48.060505,1226.800000,1.120000
-15.818292,-48.060505,1227.200000,0.723000
-15.818289,-48.060503,1227.300000,0.299000
-15.818286,-48.060501,1227.600000,0.070000
-15.818281,-48.060498,1227.300000,0.322000
-15.818281,-48.060498,1227.100000,0.083000
-15.818282,-48.060498,1227.200000,0.185000
-15.818290,-48.060504,1226.500000,0.927000
-15.818291,-48.060506,1225.400000,0.833000
